﻿#,プロジェクト,トラッカー,親チケット,親チケットの題名,ステータス,優先度,題名,作成者,担当者,ウォッチャー,更新日,カテゴリ,対象バージョン,開始日,期日,予定工数,残工数,合計予定工数,作業時間,合計作業時間,進捗率,作成日,終了日,最終更新者,関連するチケット,ファイル,プライベート
165,AIアプリ開発,TASK,"","",TODO,中,仕事,motohisa tamazawa,"","motohisa tamazawa
Redmine Admin",2025/03/29 21:34,"","",2025/03/20,2025/04/01,"",0,"",23.00,23.00,0,2025/03/20 12:45,"",Redmine Admin,"","",いいえ
164,AIアプリ開発,TASK,162,食費管理,TODO,中,支出記録,motohisa tamazawa,"",motohisa tamazawa,2025/03/19 23:14,"","",2025/03/17,2025/03/31,2.00,0.00,2.00,0.00,0.00,100,2025/03/19 23:14,"","","","",いいえ
163,AIアプリ開発,TASK,162,食費管理,TODO,中,食費予算の設定,motohisa tamazawa,"",motohisa tamazawa,2025/03/19 23:14,"","",2025/03/20,2025/03/23,1.00,1.00,1.00,0.00,0.00,0,2025/03/19 23:14,"","","","",いいえ
162,AIアプリ開発,TASK,"","",TODO,中,食費管理,motohisa tamazawa,"",motohisa tamazawa,2025/03/19 23:14,"","",2025/03/17,2025/03/31,3.00,1.02,6.00,0.00,0.00,66,2025/03/19 23:14,"",motohisa tamazawa,"","",いいえ
161,AIアプリ開発,TASK,160,千里,TODO,中,おかんマッサージ器購入 (TEMU),motohisa tamazawa,"",motohisa tamazawa,2025/03/20 12:35,"","",2025/03/17,2025/03/28,3.00,2.10,3.00,3.00,3.00,30,2025/03/19 23:14,"",motohisa tamazawa,"","",いいえ
160,AIアプリ開発,TASK,"","",TODO,中,千里,motohisa tamazawa,"",motohisa tamazawa,2025/03/20 12:35,"","",2025/03/17,2025/03/28,3.00,2.10,6.00,0.00,3.00,30,2025/03/19 23:14,"",motohisa tamazawa,"","",いいえ
159,AIアプリ開発,TASK,156,車の事故処理,TODO,中,支払い処理,motohisa tamazawa,"",motohisa tamazawa,2025/03/19 23:14,"","",2025/03/25,2025/03/30,1.00,1.00,1.00,0.00,0.00,0,2025/03/19 23:14,"","","","",いいえ
158,AIアプリ開発,TASK,156,車の事故処理,TODO,中,修理手配,motohisa tamazawa,"",motohisa tamazawa,2025/03/19 23:14,"","",2025/03/22,2025/03/26,1.00,1.00,1.00,0.00,0.00,0,2025/03/19 23:14,"","","","",いいえ
157,AIアプリ開発,TASK,156,車の事故処理,TODO,中,保険会社対応,motohisa tamazawa,"",motohisa tamazawa,2025/03/19 23:14,"","",2025/03/20,2025/03/23,1.00,1.00,1.00,0.00,0.00,0,2025/03/19 23:14,"","","","",いいえ
156,AIアプリ開発,TASK,"","",TODO,中,車の事故処理,motohisa tamazawa,"",motohisa tamazawa,2025/03/19 23:14,"","",2025/03/20,2025/03/30,3.00,3.00,6.00,8.00,8.00,0,2025/03/19 23:14,"",motohisa tamazawa,"","",いいえ
155,AIアプリ開発,TASK,152,YOUTUBE動画,TODO,中,編集・投稿,motohisa tamazawa,"",motohisa tamazawa,2025/03/19 23:14,"","",2025/05/10,2025/05/12,1.00,1.00,1.00,0.00,0.00,0,2025/03/19 23:14,"","","","",いいえ
154,AIアプリ開発,TASK,152,YOUTUBE動画,TODO,中,撮影,motohisa tamazawa,"",motohisa tamazawa,2025/03/19 23:14,"","",2025/05/05,2025/05/08,1.00,1.00,1.00,0.00,0.00,0,2025/03/19 23:14,"","","","",いいえ
153,AIアプリ開発,TASK,152,YOUTUBE動画,TODO,中,企画,motohisa tamazawa,"",motohisa tamazawa,2025/03/19 23:14,"","",2025/05/01,2025/05/04,1.00,1.00,1.00,0.00,0.00,0,2025/03/19 23:14,"","","","",いいえ
152,AIアプリ開発,TASK,122,コンテンツ制作,TODO,中,YOUTUBE動画,motohisa tamazawa,"",motohisa tamazawa,2025/03/19 23:14,"","",2025/05/01,2025/05/12,3.00,3.00,6.00,0.00,0.00,0,2025/03/19 23:14,"",motohisa tamazawa,"","",いいえ
151,AIアプリ開発,TASK,148,ブログネタ,TODO,中,アプリ開発記事,motohisa tamazawa,"",motohisa tamazawa,2025/03/19 23:14,"","",2025/05/05,2025/05/07,1.00,1.00,1.00,0.00,0.00,0,2025/03/19 23:14,"","","","",いいえ
150,AIアプリ開発,TASK,148,ブログネタ,TODO,中,AI開発関連記事,motohisa tamazawa,"",motohisa tamazawa,2025/03/19 23:14,"","",2025/05/03,2025/05/05,1.00,1.00,1.00,0.00,0.00,0,2025/03/19 23:14,"","","","",いいえ
149,AIアプリ開発,TASK,148,ブログネタ,TODO,中,ハワイタイム記事作成,motohisa tamazawa,"",motohisa tamazawa,2025/03/19 23:14,"","",2025/05/01,2025/05/03,1.00,1.00,1.00,0.00,0.00,0,2025/03/19 23:14,"","","","",いいえ
148,AIアプリ開発,TASK,122,コンテンツ制作,TODO,中,ブログネタ,motohisa tamazawa,"",motohisa tamazawa,2025/03/19 23:14,"","",2025/05/01,2025/05/07,3.00,3.00,6.00,0.00,0.00,0,2025/03/19 23:14,"",motohisa tamazawa,"","",いいえ
147,AIアプリ開発,TASK,143,ＡＩエージェント,TODO,中,動画エージェントプロトタイプ,motohisa tamazawa,"",motohisa tamazawa,2025/03/19 23:14,"","",2025/04/20,2025/04/28,2.00,2.00,2.00,0.00,0.00,0,2025/03/19 23:14,"","","","",いいえ
146,AIアプリ開発,TASK,143,ＡＩエージェント,TODO,中,データネットワーク理論構築,motohisa tamazawa,"",motohisa tamazawa,2025/03/19 23:14,"","",2025/03/19,2025/04/24,2.00,1.00,2.00,0.00,0.00,50,2025/03/19 23:14,"","","","",いいえ
145,AIアプリ開発,TASK,143,ＡＩエージェント,TODO,中,JSON型アノテーションデータベース作成,motohisa tamazawa,"",motohisa tamazawa,2025/03/19 23:14,"","",2025/03/17,2025/04/22,2.00,0.00,2.00,2.00,2.00,100,2025/03/19 23:14,"","","","",いいえ
144,AIアプリ開発,TASK,143,ＡＩエージェント,TODO,中,データモデル設計,motohisa tamazawa,"",motohisa tamazawa,2025/03/19 23:14,"","",2025/04/16,2025/04/20,2.00,2.00,2.00,0.00,0.00,0,2025/03/19 23:14,"","","","",いいえ
143,AIアプリ開発,TASK,121,AIエージェント開発,TODO,中,ＡＩエージェント,motohisa tamazawa,"",motohisa tamazawa,2025/03/19 23:14,"","",2025/03/17,2025/04/28,8.00,5.04,16.00,0.00,2.00,37,2025/03/19 23:14,"",motohisa tamazawa,"","",いいえ
142,AIアプリ開発,TASK,139,アプリ開発,TODO,中,アプリテンプレート開発,motohisa tamazawa,"",motohisa tamazawa,2025/03/19 23:14,"","",2025/03/18,2025/04/13,2.00,1.00,2.00,0.00,0.00,50,2025/03/19 23:14,"","","","",いいえ
141,AIアプリ開発,TASK,139,アプリ開発,TODO,中,SRT/EDL サマライズアプリ,motohisa tamazawa,"",motohisa tamazawa,2025/03/19 23:14,"","",2025/04/03,2025/04/09,2.00,2.00,2.00,0.00,0.00,0,2025/03/19 23:14,"","","","",いいえ
140,AIアプリ開発,TASK,139,アプリ開発,TODO,中,ＡＭＥＢＡリンク修正,motohisa tamazawa,"",motohisa tamazawa,2025/03/19 23:14,"","",2025/04/01,2025/04/05,1.00,1.00,1.00,0.00,0.00,0,2025/03/19 23:14,"","","","",いいえ
139,AIアプリ開発,TASK,120,アプリ開発フェーズ1,TODO,中,アプリ開発,motohisa tamazawa,"",motohisa tamazawa,2025/03/19 23:14,"","",2025/03/18,2025/04/13,5.00,4.00,10.00,0.00,0.00,20,2025/03/19 23:14,"",motohisa tamazawa,"","",いいえ
138,AIアプリ開発,TASK,135,LINEWEB,TODO,中,テスト,motohisa tamazawa,"",motohisa tamazawa,2025/03/19 23:14,"","",2025/04/05,2025/04/07,1.00,1.00,1.00,0.00,0.00,0,2025/03/19 23:14,"","","","",いいえ
137,AIアプリ開発,TASK,135,LINEWEB,TODO,中,UI設計,motohisa tamazawa,"",motohisa tamazawa,2025/03/19 23:14,"","",2025/04/03,2025/04/05,1.00,1.00,1.00,0.00,0.00,0,2025/03/19 23:14,"","","","",いいえ
136,AIアプリ開発,TASK,135,LINEWEB,TODO,中,API連携,motohisa tamazawa,"",motohisa tamazawa,2025/03/19 23:14,"","",2025/04/01,2025/04/03,1.00,1.00,1.00,0.00,0.00,0,2025/03/19 23:14,"","","","",いいえ
135,AIアプリ開発,TASK,120,アプリ開発フェーズ1,TODO,中,LINEWEB,motohisa tamazawa,"",motohisa tamazawa,2025/03/19 23:14,"","",2025/04/01,2025/04/07,3.00,3.00,6.00,0.00,0.00,0,2025/03/19 23:14,"",motohisa tamazawa,"","",いいえ
134,AIアプリ開発,TASK,131,COCOHE,TODO,中,実装,motohisa tamazawa,"",motohisa tamazawa,2025/03/19 23:14,"","",2025/04/05,2025/04/07,1.00,1.00,1.00,0.00,0.00,0,2025/03/19 23:14,"","","","",いいえ
133,AIアプリ開発,TASK,131,COCOHE,TODO,中,デザイン,motohisa tamazawa,"",motohisa tamazawa,2025/03/19 23:14,"","",2025/04/03,2025/04/05,1.00,1.00,1.00,0.00,0.00,0,2025/03/19 23:14,"","","","",いいえ
132,AIアプリ開発,TASK,131,COCOHE,TODO,中,要件定義,motohisa tamazawa,"",motohisa tamazawa,2025/03/19 23:14,"","",2025/04/01,2025/04/03,1.00,1.00,1.00,0.00,0.00,0,2025/03/19 23:14,"","","","",いいえ
131,AIアプリ開発,TASK,120,アプリ開発フェーズ1,TODO,中,COCOHE,motohisa tamazawa,"",motohisa tamazawa,2025/03/19 23:14,"","",2025/04/01,2025/04/07,3.00,3.00,6.00,0.00,0.00,0,2025/03/19 23:14,"",motohisa tamazawa,"","",いいえ
130,AIアプリ開発,TASK,127,EASYRAG2,TODO,中,テストとデバッグ,motohisa tamazawa,"",motohisa tamazawa,2025/03/19 23:14,"","",2025/03/25,2025/03/28,1.00,1.00,1.00,0.00,0.00,0,2025/03/19 23:14,"","","","",いいえ
129,AIアプリ開発,TASK,127,EASYRAG2,TODO,中,RAGシステム構築,motohisa tamazawa,"",motohisa tamazawa,2025/03/19 23:14,"","",2025/03/20,2025/03/25,1.00,1.00,1.00,0.00,0.00,0,2025/03/19 23:14,"","","","",いいえ
128,AIアプリ開発,TASK,127,EASYRAG2,TODO,中,サーバー立ち上げ,motohisa tamazawa,"",motohisa tamazawa,2025/03/19 23:18,"","",2025/03/29,2025/03/30,1.00,0.00,1.00,0.00,0.00,100,2025/03/19 23:14,"",motohisa tamazawa,"","",いいえ
127,AIアプリ開発,TASK,119,インフラ整備,TODO,中,EASYRAG2,motohisa tamazawa,"",motohisa tamazawa,2025/03/19 23:18,"","",2025/03/20,2025/03/30,3.00,2.01,6.00,0.00,0.00,33,2025/03/19 23:14,"",motohisa tamazawa,"","",いいえ
126,AIアプリ開発,TASK,123,Redmine環境構築,TODO,中,プロジェクト構造整備,motohisa tamazawa,"",motohisa tamazawa,2025/03/19 23:14,"","",2025/03/20,2025/03/30,2.00,2.00,2.00,0.00,0.00,0,2025/03/19 23:14,"","","","",いいえ
125,AIアプリ開発,TASK,123,Redmine環境構築,TODO,中,デスクトップ接続・ファイアウォール設定,motohisa tamazawa,"",motohisa tamazawa,2025/03/19 23:14,"","",2025/03/17,2025/03/17,2.00,0.00,2.00,0.00,0.00,100,2025/03/19 23:14,"","","","",いいえ
124,AIアプリ開発,TASK,123,Redmine環境構築,TODO,中,サーバーPC立ち上げ,motohisa tamazawa,"",motohisa tamazawa,2025/03/19 23:18,"","",2025/03/29,2025/03/30,4.00,0.00,4.00,0.00,0.00,100,2025/03/19 23:14,"",motohisa tamazawa,"","",いいえ
123,AIアプリ開発,TASK,119,インフラ整備,TODO,中,Redmine環境構築,motohisa tamazawa,"",motohisa tamazawa,2025/03/19 23:18,"","",2025/03/17,2025/03/30,6.00,1.50,14.00,0.00,0.00,75,2025/03/19 23:14,"",motohisa tamazawa,"","",いいえ
122,AIアプリ開発,TASK,"","",TODO,中,コンテンツ制作,motohisa tamazawa,"",motohisa tamazawa,2025/03/19 23:14,"","",2025/05/01,2025/05/12,"",0,12.00,0.00,0.00,0,2025/03/19 23:14,"",motohisa tamazawa,"","",いいえ
121,AIアプリ開発,TASK,"","",TODO,中,AIエージェント開発,motohisa tamazawa,"",motohisa tamazawa,2025/03/19 23:14,"","",2025/03/17,2025/04/28,"",0,16.00,0.00,2.00,37,2025/03/19 23:14,"",motohisa tamazawa,"","",いいえ
120,AIアプリ開発,TASK,"","",TODO,中,アプリ開発フェーズ1,motohisa tamazawa,"",motohisa tamazawa,2025/03/19 23:14,"","",2025/03/18,2025/04/13,"",0,22.00,0.00,0.00,9,2025/03/19 23:14,"",motohisa tamazawa,"","",いいえ
119,AIアプリ開発,TASK,"","",TODO,中,インフラ整備,motohisa tamazawa,"",motohisa tamazawa,2025/03/19 23:18,"","",2025/03/17,2025/03/30,"",0,20.00,0.00,0.00,62,2025/03/19 23:14,"",motohisa tamazawa,"","",いいえ
