﻿プロジェクト,日付,作成日,週,作成者,ユーザー,作業分類,チケット,トラッカー,親チケット,ステータス,カテゴリ,対象バージョン,コメント,時間
AIアプリ開発,2025/04/01,2025/04/01 18:45,14,Redmine Admin,Redmine Admin,タスク,TASK #165: 仕事,TASK,"",TODO,"","",自動コーディングはVSCODEもMICROSOFTに握られている。JIRAは潰すべきだと思う。Cloudチームも潰すべきだと思う。センター全体も,2.00
AIアプリ開発,2025/04/01,2025/04/01 18:42,14,Redmine Admin,Redmine Admin,タスク,TASK #165: 仕事,TASK,"",TODO,"","",REDMINE-PJTはやはり、使いやすい。会社のＪＩＲＡは管理人にはなったので、引き続き地位は確保したい。　AWSには手を出さないこと（AZUREで十分,2.00
AIアプリ開発,2025/04/01,2025/04/01 18:41,14,Redmine Admin,Redmine Admin,タスク,TASK #165: 仕事,TASK,"",TODO,"","",Teams　チャットボット　→　自宅ＰＪＴとのシナジー　→　管理者権限で出来ることが増えすぎて困り果てる　→　A1Xと同等知識が入りそう　→　このままMICROSOFTと沈没を志向するのもアリ！！！！,3.00
AIアプリ開発,2025/03/30,2025/03/30 21:38,13,Redmine Admin,Redmine Admin,タスク,TASK #156: 車の事故処理,TASK,"",TODO,"","",夏用にタイヤ交換　→　終了,1.00
AIアプリ開発,2025/03/30,2025/03/30 21:37,13,Redmine Admin,Redmine Admin,タスク,TASK #156: 車の事故処理,TASK,"",TODO,"","",パテ修理完了→　やすり研磨して、塗装すること　→　修理代６万節約する　→　今回の事故　2万で解決した,3.00
AIアプリ開発,2025/03/30,2025/03/29 14:20,13,Redmine Admin,Redmine Admin,タスク,TASK #156: 車の事故処理,TASK,"",TODO,"","",ホンダ修理、タイヤ交換→　バンパーいくらかかるか　13:30,4.00
AIアプリ開発,2025/03/29,2025/03/29 14:21,13,Redmine Admin,Redmine Admin,タスク,TASK #165: 仕事,TASK,"",TODO,"","",TEAMS、アダプティブカードのサンプル作成　→　少し進んだ！,8.00
AIアプリ開発,2025/03/29,2025/03/29 14:19,13,Redmine Admin,Redmine Admin,タスク,TASK #161: おかんマッサージ器購入 (TEMU),TASK,TASK #160: 千里,TODO,"","",持っていく、帰りにヤマダ電機でふくらはぎ用を閲覧、５５１とヨモギまんじゅう,3.00
AIアプリ開発,2025/03/20,2025/03/20 22:27,12,motohisa tamazawa,motohisa tamazawa,タスク,TASK #165: 仕事,TASK,"",TODO,"","",チャレンジシートを何とかさせる件　→　真剣に考える　→　生成ＡＩ活用リストを作り、その中の取り組みとして定義する,2.00
AIアプリ開発,2025/03/20,2025/03/20 12:55,12,motohisa tamazawa,motohisa tamazawa,タスク,TASK #145: JSON型アノテーションデータベース作成,TASK,TASK #143: ＡＩエージェント,TODO,"","",CUDAインストール高速化済み,2.00
AIアプリ開発,2025/03/20,2025/03/20 12:47,12,motohisa tamazawa,motohisa tamazawa,タスク,TASK #165: 仕事,TASK,"",TODO,"","",JIRAで工数集計　→　ダッシュボード使うこなし　→　図書館で調べてくること　→　王道だが　→　生成ＡＩコラボ不可,2.00
AIアプリ開発,2025/03/20,2025/03/20 12:45,12,motohisa tamazawa,motohisa tamazawa,タスク,TASK #165: 仕事,TASK,"",TODO,"","",Azure BoardのAPIアクセス　→　やはり断念した,4.00
AIアプリ開発,2025/03/19,2025/03/19 22:51,12,motohisa tamazawa,motohisa tamazawa,タスク,"","","","","","",動画エージェントのプロトタイプ→　ＡＩデータモデル、データネットワーク理論を固めること,2.00
AIアプリ開発,2025/03/19,2025/03/19 22:21,12,motohisa tamazawa,motohisa tamazawa,タスク,"","","","","","",アプリテンプレートでＲＡＧ自作，ＲＥＤＭＩＮＥ自作　→　ＢＡＣＫＥＮＤがモジュール化できることを発見、デバッグツールも用意されていることを発見　→　全部マニュアル化すればいい　→　COPILOT併用のプログラミング手法！,2.00
AIアプリ開発,2025/03/18,2025/03/18 21:44,12,motohisa tamazawa,motohisa tamazawa,タスク,"","","","","","",アプリテンプレート,1.00
AIアプリ開発,2025/03/17,2025/03/17 12:22,12,motohisa tamazawa,motohisa tamazawa,タスク,"","","","","","",JSON型　アノテーションデータベースの作成（ＲＡＧ型のデータベース開発）,2.00
AIアプリ開発,2025/03/17,2025/03/17 11:47,12,Redmine Admin,Redmine Admin,タスク,"","","","","","",デスクトップ接続　→　FIREWALL解除　→　ポート開放済み,2.00
AIアプリ開発,2025/03/17,2025/03/17 11:46,12,Redmine Admin,Redmine Admin,タスク,"","","","","","",吉野家　490円　→　帰省のため景気付け,1.00
AIアプリ開発,2025/03/17,2025/03/17 11:46,12,Redmine Admin,Redmine Admin,タスク,"","","","","","",カシューナッツ　３００×４　割れているが安かった,2.00
AIアプリ開発,2025/03/17,2025/03/17 11:45,12,Redmine Admin,Redmine Admin,タスク,"","","","","","",おかん　５万→マッサージ器で返す　２ｗ後　TEMUで手配,3.00
AIアプリ開発,2025/03/15,2025/03/15 10:32,11,Redmine Admin,Redmine Admin,タスク,"","","","","","",サーバー立ち上げ完了　→　主としてＮＡＳのノイズ対策,1.00
AIアプリ開発,2025/03/15,2025/03/15 10:31,11,Redmine Admin,Redmine Admin,タスク,"","","","","","",サーバーＰＣ立ち上げ完了　→　ＤＮＳサーバー　ip address for chanmoto.duckdns.org was already 14.10.135.193 not updated,4.00
